{
  "generatedAt": "2026-03-04T05:04:17.645776+00:00",
  "summary": {
    "total": 5.1,
    "signal": "관망",
    "green": 4,
    "red": 3
  },
  "kimchi": {
    "usdkrw": 1477.311478,
    "btcKrw": 99350000.0,
    "ethKrw": 2874000.0,
    "btcPrem": -0.7802465827602689,
    "ethPrem": -0.7769887639089146
  },
  "charts": {
    "btc": [
      [
        1772006400000,
        65430.04
      ],
      [
        1772020800000,
        67412.33
      ],
      [
        1772035200000,
        69038.26
      ],
      [
        1772049600000,
        67988.04
      ],
      [
        1772064000000,
        68216.86
      ],
      [
        1772078400000,
        67825.04
      ],
      [
        1772092800000,
        68051.31
      ],
      [
        1772107200000,
        67382.0
      ],
      [
        1772121600000,
        67589.22
      ],
      [
        1772136000000,
        67485.18
      ],
      [
        1772150400000,
        67600.84
      ],
      [
        1772164800000,
        67690.6
      ],
      [
        1772179200000,
        66126.99
      ],
      [
        1772193600000,
        66095.4
      ],
      [
        1772208000000,
        65392.18
      ],
      [
        1772222400000,
        65872.1
      ],
      [
        1772236800000,
        65797.42
      ],
      [
        1772251200000,
        63826.0
      ],
      [
        1772265600000,
        63844.2
      ],
      [
        1772280000000,
        64841.18
      ],
      [
        1772294400000,
        66362.01
      ],
      [
        1772308800000,
        66973.26
      ],
      [
        1772323200000,
        67502.16
      ],
      [
        1772337600000,
        67141.39
      ],
      [
        1772352000000,
        66468.03
      ],
      [
        1772366400000,
        66842.42
      ],
      [
        1772380800000,
        65962.17
      ],
      [
        1772395200000,
        65776.47
      ],
      [
        1772409600000,
        66820.03
      ],
      [
        1772424000000,
        66007.52
      ],
      [
        1772438400000,
        66359.68
      ],
      [
        1772452800000,
        69130.2
      ],
      [
        1772467200000,
        68966.53
      ],
      [
        1772481600000,
        68830.06
      ],
      [
        1772496000000,
        68377.94
      ],
      [
        1772510400000,
        68172.8
      ],
      [
        1772524800000,
        67026.61
      ],
      [
        1772539200000,
        67725.81
      ],
      [
        1772553600000,
        68435.0
      ],
      [
        1772568000000,
        68338.0
      ],
      [
        1772582400000,
        67732.2
      ],
      [
        1772596800000,
        67779.39
      ]
    ],
    "eth": [
      [
        1772006400000,
        1926.48
      ],
      [
        1772020800000,
        2013.73
      ],
      [
        1772035200000,
        2071.1
      ],
      [
        1772049600000,
        2057.48
      ],
      [
        1772064000000,
        2054.55
      ],
      [
        1772078400000,
        2053.37
      ],
      [
        1772092800000,
        2057.66
      ],
      [
        1772107200000,
        2033.34
      ],
      [
        1772121600000,
        2030.14
      ],
      [
        1772136000000,
        2027.68
      ],
      [
        1772150400000,
        2045.39
      ],
      [
        1772164800000,
        2032.69
      ],
      [
        1772179200000,
        1962.08
      ],
      [
        1772193600000,
        1948.59
      ],
      [
        1772208000000,
        1921.1
      ],
      [
        1772222400000,
        1929.84
      ],
      [
        1772236800000,
        1924.49
      ],
      [
        1772251200000,
        1866.73
      ],
      [
        1772265600000,
        1863.31
      ],
      [
        1772280000000,
        1898.88
      ],
      [
        1772294400000,
        1947.02
      ],
      [
        1772308800000,
        1964.51
      ],
      [
        1772323200000,
        2023.29
      ],
      [
        1772337600000,
        2007.24
      ],
      [
        1772352000000,
        1983.32
      ],
      [
        1772366400000,
        1993.38
      ],
      [
        1772380800000,
        1953.9
      ],
      [
        1772395200000,
        1939.71
      ],
      [
        1772409600000,
        1972.3
      ],
      [
        1772424000000,
        1941.66
      ],
      [
        1772438400000,
        1947.81
      ],
      [
        1772452800000,
        2047.33
      ],
      [
        1772467200000,
        2043.57
      ],
      [
        1772481600000,
        2027.35
      ],
      [
        1772496000000,
        2008.88
      ],
      [
        1772510400000,
        1996.33
      ],
      [
        1772524800000,
        1961.28
      ],
      [
        1772539200000,
        1969.22
      ],
      [
        1772553600000,
        1986.02
      ],
      [
        1772568000000,
        1982.8
      ],
      [
        1772582400000,
        1960.9
      ],
      [
        1772596800000,
        1960.65
      ]
    ]
  },
  "indicators": [
    {
      "name": "유동성(프록시)",
      "score": 5.2,
      "signal": "관망",
      "reason": "평균 펀딩 -0.0028%",
      "comment": "펀딩 중립/음수는 과열 완화로 유동성 환경이 상대적으로 안정적"
    },
    {
      "name": "BTC 도미넌스 구조(프록시)",
      "score": 7.9,
      "signal": "청신호",
      "reason": "ETH/BTC 7D -4.40%",
      "comment": "ETH/BTC 약세면 BTC 쏠림 국면 가능성"
    },
    {
      "name": "ETH/BTC 상대강도(7D)",
      "score": 1.3,
      "signal": "적신호",
      "reason": "ETH/BTC 7D -4.40%, 30D -2.92%",
      "comment": "ETH 상대강도 핵심"
    },
    {
      "name": "시장 모멘텀(프록시)",
      "score": 4.8,
      "signal": "관망",
      "reason": "BTC 7D -0.31%",
      "comment": "코어 자산 모멘텀"
    },
    {
      "name": "펀딩 과열도(BTC/ETH)",
      "score": 9.1,
      "signal": "청신호",
      "reason": "평균 펀딩 -0.0028%",
      "comment": "과열/청산 리스크"
    },
    {
      "name": "미결제약정 안정성(OI)",
      "score": 6.9,
      "signal": "청신호",
      "reason": "OI -4.45%",
      "comment": "레버리지 압력"
    },
    {
      "name": "테이커 수급 균형",
      "score": 8.4,
      "signal": "청신호",
      "reason": "비율 1.016, 전일 -3.23%",
      "comment": "매수/매도 쏠림"
    },
    {
      "name": "시장 심리(F&G)",
      "score": 1.0,
      "signal": "적신호",
      "reason": "F&G 10/100",
      "comment": "극단 심리 구간"
    },
    {
      "name": "BTC 추세 모멘텀(7D)",
      "score": 4.8,
      "signal": "관망",
      "reason": "BTC 7D -0.31%",
      "comment": "코어 추세"
    },
    {
      "name": "ETH 절대+상대 모멘텀",
      "score": 1.5,
      "signal": "적신호",
      "reason": "ETH 7D -4.71%, 30D -16.46%",
      "comment": "ETH 운용 난이도"
    }
  ]
}